Isbn,Title,Pages,Author,Category,Price,Desc,ImgUrl,StoreId
9785468555330,Fundamentals of Wavelets,228,"Goswami, Jaideva",signal_processing,65.4,"One of the other reviewers has mentioned that after watching just 1 Oz episode you'll be hooked. They are right, as this is exactly what happened with me.  The first thing that struck me about Oz was its brutality and unflinching scenes of violence, which set in right from the word GO. Tru",https://salt.tikicdn.com/cache/200x200/ts/product/0e/28/ef/0b987bac37e360fff8044b1447da52ea.png.webp,6
9785468555331,Data Smart,235,"Foreman, John",data_science,54.1,"A wonderful little production.   The filming technique is very unassuming- very old-time-BBC fashion and gives a comforting, and sometimes discomforting, sense of realism to the entire piece.   The actors are extremely well chosen- Michael Sheen not only ""has got all the polari"" ",https://salt.tikicdn.com/cache/200x200/ts/product/51/74/f3/831d5248c02718b7415e97edf5f99de6.jpg.webp,6
9785468555332,God Created the Integers,197,"Hawking, Stephen",mathematics,29.6,"I thought this was a wonderful way to spend time on a too hot summer weekend, sitting in the air conditioned theater and watching a light-hearted comedy. The plot is simplistic, but the dialogue is witty and the characters are likable (even the well bread suspected serial killer). While some may be ",https://salt.tikicdn.com/cache/200x200/ts/product/5f/97/52/a53eb98af3927cc5b5aeb08efa58d483.jpg.webp,6
9785468555333,Superfreakonomics,179,"Dubner, Stephen",economics,47.7,"Basically there's a family where a little boy (Jake) thinks there's a zombie in his closet & his parents are fighting all the time.  This movie is slower than a soap opera... and suddenly, Jake decides to become Rambo and kill the zombie.  OK, first of all when you're going to ma",https://salt.tikicdn.com/cache/200x200/ts/product/2f/b5/4e/a8208e9019c8510e8a8eebe06f50299c.jpg.webp,6
9785468555334,Orientalism,197,"Said, Edward",history,27.5,"Petter Mattei's ""Love in the Time of Money"" is a visually stunning film to watch. Mr. Mattei offers us a vivid portrait about human relations. This is a movie that seems to be telling us what money, power and success do to people in the different situations we encounter.   This being a var",https://salt.tikicdn.com/cache/200x200/ts/product/5e/18/24/2a6154ba08df6ce6161c13f4303fa19e.jpg.webp,6
9785468555335,"Nature of Statistical Learning Theory, The",230,"Vapnik, Vladimir",data_science,64.8,"Probably my all-time favorite movie, a story of selflessness, sacrifice and dedication to a noble cause, but it's not preachy or boring. It just never gets old, despite my having seen it some 15 or more times in the last 25 years. Paul Lukas' performance brings tears to my eyes, and Bette Davis, in ",https://salt.tikicdn.com/cache/200x200/ts/product/65/74/fb/1e6ca7a2fa28d83667a8e50144e43d0d.jpg.webp,6
9785468555336,Integration of the Indian States,217,"Menon, V P",history,41.2,I sure would like to see a resurrection of a up dated Seahunt series with the tech they have today it would bring back the kid excitement in me.I grew up on black and white TV and Seahunt with Gunsmoke were my hero's every week.You have my vote for a comeback of a new sea hunt.We need a change of pa,https://salt.tikicdn.com/cache/200x200/ts/product/7c/0d/6c/8fcbd6abc1ac716d07b3593f9b97f53b.jpg.webp,6
9785468555337,"Drunkard's Walk, The",197,"Mlodinow, Leonard",science,62,"This show was an amazing, fresh & innovative idea in the 70's when it first aired. The first 7 or 8 years were brilliant, but things dropped off after that. By 1990, the show was not really funny anymore, and it's continued its decline further to the complete waste of time it is today.  It",https://salt.tikicdn.com/cache/200x200/ts/product/c9/e4/18/a9cfc425fa590c453f20307229804bb3.jpg.webp,6
9785468555338,Image Processing & Mathematical Morphology,241,"Shih, Frank",signal_processing,67.6,"Encouraged by the positive comments about this film on here I was looking forward to watching this film. Bad mistake. I've seen 950+ films and this is truly one of the worst of them - it's awful in almost every way: editing, pacing, storyline, 'acting,' soundtrack (the film's only song - a lame coun",https://salt.tikicdn.com/cache/200x200/ts/product/74/11/ff/6304c47fec56e6f0b2110be65af0c7c2.jpg.webp,6
9785468555339,How to Think Like Sherlock Holmes,240,"Konnikova, Maria",psychology,29.9,"If you like original gut wrenching laughter you will like this movie. If you are young or old then you will love this movie, hell even my mom liked it.  Great Camp!!!",https://salt.tikicdn.com/cache/200x200/ts/product/0e/28/ef/0b987bac37e360fff8044b1447da52ea.png.webp,6
9785468555340,Data Scientists at Work,230,Sebastian Gutierrez,data_science,88.1,Phil the Alien is one of those quirky films where the humour is based around the oddness of everything rather than actual punchlines.  At first it was very odd and pretty funny but as the movie progressed I didn't find the jokes or oddness funny anymore.  Its a low budget film (t,https://salt.tikicdn.com/cache/200x200/ts/product/51/74/f3/831d5248c02718b7415e97edf5f99de6.jpg.webp,6
9785468555341,Slaughterhouse Five,198,"Vonnegut, Kurt",fiction,92.7,"I saw this movie when I was about 12 when it came out. I recall the scariest scene was the big bird eating men dangling helplessly from parachutes right out of the air. The horror. The horror.  As a young kid going to these cheesy B films on Saturday afternoons, I still was tired of the fo",https://salt.tikicdn.com/cache/200x200/ts/product/5f/97/52/a53eb98af3927cc5b5aeb08efa58d483.jpg.webp,6
9785468555342,Birth of a Theorem,234,"Villani, Cedric",mathematics,61.4,So im not a big fan of Boll's work but then again not many are. I enjoyed his movie Postal (maybe im the only one). Boll apparently bought the rights to use Far Cry long ago even before the game itself was even finsished.   People who have enjoyed killing mercs and infiltrating secret rese,https://salt.tikicdn.com/cache/200x200/ts/product/2f/b5/4e/a8208e9019c8510e8a8eebe06f50299c.jpg.webp,6
9785468555343,Structure & Interpretation of Computer Programs,240,"Sussman, Gerald",computer_science,92.9,"The cast played Shakespeare.  Shakespeare lost.  I appreciate that this is trying to bring Shakespeare to the masses, but why ruin something so good.  Is it because 'The Scottish Play' is my favorite Shakespeare? I do not know. What I do know is that a certain Rev Bowdl",https://salt.tikicdn.com/cache/200x200/ts/product/5e/18/24/2a6154ba08df6ce6161c13f4303fa19e.jpg.webp,6
9785468555344,"Age of Wrath, The",238,"Eraly, Abraham",history,71.3,This a fantastic movie of three prisoners who become famous. One of the actors is george clooney and I'm not a fan but this roll is not bad. Another good thing about the movie is the soundtrack (The man of constant sorrow). I recommand this movie to everybody. Greetings Bart,https://salt.tikicdn.com/cache/200x200/ts/product/65/74/fb/1e6ca7a2fa28d83667a8e50144e43d0d.jpg.webp,6
9785468555345,"Trial, The",198,"Kafka, Frank",fiction,90.9,"Kind of drawn in by the erotic scenes, only to realize this was one of the most amateurish and unbelievable bits of film I've ever seen. Sort of like a high school film project. What was Rosanna Arquette thinking?? And what was with all those stock characters in that bizarre supposed Midwest town? P",https://salt.tikicdn.com/cache/200x200/ts/product/7c/0d/6c/8fcbd6abc1ac716d07b3593f9b97f53b.jpg.webp,6
9785468555346,Statistical Decision Theory',236,"Pratt, John",data_science,21.4,"Some films just simply should not be remade. This is one of them. In and of itself it is not a bad film. But it fails to capture the flavor and the terror of the 1963 film of the same title. Liam Neeson was excellent as he always is, and most of the cast holds up, with the exception of Owen Wilson, ",https://salt.tikicdn.com/cache/200x200/ts/product/c9/e4/18/a9cfc425fa590c453f20307229804bb3.jpg.webp,6
9785468555347,Data Mining Handbook,242,"Nisbet, Robert",data_science,64,"This movie made it into one of my top 10 most awful movies. Horrible.   There wasn't a continuous minute where there wasn't a fight with one monster or another. There was no chance for any character development, they were too busy running from one sword fight to another. I had no emotional",https://salt.tikicdn.com/cache/200x200/ts/product/74/11/ff/6304c47fec56e6f0b2110be65af0c7c2.jpg.webp,6
9785468555348,"New Machiavelli, The",180,"Wells, H. G.",fiction,84.6,"I remember this film,it was the first film i had watched at the cinema the picture was dark in places i was very nervous it was back in 74/75 my Dad took me my brother & sister to Newbury cinema in Newbury Berkshire England. I recall the tigers and the lots of snow in the film also the appearance of",https://salt.tikicdn.com/cache/200x200/ts/product/0e/28/ef/0b987bac37e360fff8044b1447da52ea.png.webp,6
9785468555349,Physics & Philosophy,197,"Heisenberg, Werner",science,47,"An awful film! It must have been up against some real stinkers to be nominated for the Golden Globe. They've taken the story of the first famous female Renaissance painter and mangled it beyond recognition. My complaint is not that they've taken liberties with the facts; if the story were good, that",https://salt.tikicdn.com/cache/200x200/ts/product/51/74/f3/831d5248c02718b7415e97edf5f99de6.jpg.webp,6
9785468555350,Making Software,232,"Oram, Andy",computer_science,30.7,"After the success of Die Hard and it's sequels it's no surprise really that in the 1990s, a glut of 'Die Hard on a .....' movies cashed in on the wrong guy, wrong place, wrong time concept. That is what they did with Cliffhanger, Die Hard on a mountain just in time to rescue Sly 'Stop or My Mom Will",https://salt.tikicdn.com/cache/200x200/ts/product/5f/97/52/a53eb98af3927cc5b5aeb08efa58d483.jpg.webp,6
9785468555351,"Analysis, Vol I",248,"Tao, Terence",mathematics,84.2,"I had the terrible misfortune of having to view this ""b-movie"" in it's entirety.  All I have to say is--- save your time and money!!! This has got to be the worst b-movie of all time, it shouldn't even be called a b-movie, more like an f-movie! Because it fails in all aspects that make a g",https://salt.tikicdn.com/cache/200x200/ts/product/2f/b5/4e/a8208e9019c8510e8a8eebe06f50299c.jpg.webp,6
9785468555352,Machine Learning for Hackers,233,"Conway, Drew",data_science,33.5,"What an absolutely stunning movie, if you have 2.5 hrs to kill, watch it, you won't regret it, it's too much fun! Rajnikanth carries the movie on his shoulders and although there isn't anything more other than him, I still liked it. The music by A.R.Rehman takes time to grow on you but after you hea",https://salt.tikicdn.com/cache/200x200/ts/product/5e/18/24/2a6154ba08df6ce6161c13f4303fa19e.jpg.webp,6
9785468555353,"Signal and the Noise, The",233,"Silver, Nate",data_science,83,"First of all, let's get a few things straight here: a) I AM an anime fan- always has been as a matter of fact (I used to watch Speed Racer all the time in Preschool). b) I DO like several B-Movies because they're hilarious. c) I like the Godzilla movies- a lot.  Moving on, when the movie f",https://salt.tikicdn.com/cache/200x200/ts/product/65/74/fb/1e6ca7a2fa28d83667a8e50144e43d0d.jpg.webp,6
9785468555354,Python for Data Analysis,233,"McKinney, Wes",data_science,88.5,This was the worst movie I saw at WorldFest and it also received the least amount of applause afterwards! I can only think it is receiving such recognition based on the amount of known actors in the film. It's great to see J.Beals but she's only in the movie for a few minutes. M.Parker is a much bet,https://salt.tikicdn.com/cache/200x200/ts/product/7c/0d/6c/8fcbd6abc1ac716d07b3593f9b97f53b.jpg.webp,6
9785468555355,Introduction to Algorithms,234,"Cormen, Thomas",computer_science,76.5,"The Karen Carpenter Story shows a little more about singer Karen Carpenter's complex life. Though it fails in giving accurate facts, and details.  Cynthia Gibb (portrays Karen) was not a fine election. She is a good actress , but plays a very naive and sort of dumb Karen Carpenter. I think",https://salt.tikicdn.com/cache/200x200/ts/product/c9/e4/18/a9cfc425fa590c453f20307229804bb3.jpg.webp,6
9785468555356,"Beautiful and the Damned, The",198,"Deb, Siddhartha",nonfiction,12.6,"The Cell is an exotic masterpiece, a dizzying trip into not only the vast mind of a serial killer, but also into one of a very talented director. This is conclusive evidence of what can be achieved if human beings unleash their uninhibited imaginations. This is boldness at work, pushing aside thou",https://salt.tikicdn.com/cache/200x200/ts/product/74/11/ff/6304c47fec56e6f0b2110be65af0c7c2.jpg.webp,6
9785468555357,"Outsider, The",198,"Camus, Albert",fiction,14.3,"This film tried to be too many things all at once: stinging political satire, Hollywood blockbuster, sappy romantic comedy, family values promo... the list goes on and on. It failed miserably at all of them, but there was enough interest to keep me from turning it off until the end.  Altho",https://salt.tikicdn.com/cache/200x200/ts/product/0e/28/ef/0b987bac37e360fff8044b1447da52ea.png.webp,6
9785468555358,"Complete Sherlock Holmes, The - Vol I",176,"Doyle, Arthur Conan",fiction,18.9,"This movie was so frustrating. Everything seemed energetic and I was totally prepared to have a good time. I at least thought I'd be able to stand it. But, I was wrong. First, the weird looping? It was like watching ""America's Funniest Home Videos"". The damn parents. I hated them so much. The stereo",https://salt.tikicdn.com/cache/200x200/ts/product/51/74/f3/831d5248c02718b7415e97edf5f99de6.jpg.webp,6
9785468555359,"Complete Sherlock Holmes, The - Vol II",176,"Doyle, Arthur Conan",fiction,65.8,"'War movie' is a Hollywood genre that has been done and redone so many times that clichéd dialogue, rehashed plot and over-the-top action sequences seem unavoidable for any conflict dealing with large-scale combat. Once in a while, however, a war movie comes along that goes against the grain and br",https://salt.tikicdn.com/cache/200x200/ts/product/5f/97/52/a53eb98af3927cc5b5aeb08efa58d483.jpg.webp,6
9785468555360,"Wealth of Nations, The",175,"Smith, Adam",economics,25.8,"Taut and organically gripping, Edward Dmytryk's Crossfire is a distinctive suspense thriller, an unlikely ""message"" movie using the look and devices of the noir cycle.  Bivouacked in Washington, DC, a company of soldiers cope with their restlessness by hanging out in bars. Three of them en",https://salt.tikicdn.com/cache/200x200/ts/product/2f/b5/4e/a8208e9019c8510e8a8eebe06f50299c.jpg.webp,6
9785468555361,"Pillars of the Earth, The",176,"Follett, Ken",fiction,73.2,"Ardh Satya is one of the finest film ever made in Indian Cinema. Directed by the great director Govind Nihalani, this one is the most successful Hard Hitting Parallel Cinema which also turned out to be a Commercial Success. Even today, Ardh Satya is an inspiration for all leading directors of Indi",https://salt.tikicdn.com/cache/200x200/ts/product/5e/18/24/2a6154ba08df6ce6161c13f4303fa19e.jpg.webp,6
9785468555362,Mein Kampf,212,"Hitler, Adolf",nonfiction,59.7,"My first exposure to the Templarios & not a good one. I was excited to find this title among the offerings from Anchor Bay Video, which has brought us other cult classics such as ""Spider Baby"". The print quality is excellent, but this alone can't hide the fact that the film is deadly dull. There's a",https://salt.tikicdn.com/cache/200x200/ts/product/65/74/fb/1e6ca7a2fa28d83667a8e50144e43d0d.jpg.webp,6
9785468555363,"Tao of Physics, The",179,"Capra, Fritjof",science,62.3,"One of the most significant quotes from the entire film is pronounced halfway through by the protagonist, the mafia middle-man Titta Di Girolamo, a physically non-descript, middle-aged man originally from Salerno in Southern Italy. When we're introduced to him at the start of the film, he's been liv",https://salt.tikicdn.com/cache/200x200/ts/product/7c/0d/6c/8fcbd6abc1ac716d07b3593f9b97f53b.jpg.webp,6
9785468555364,Surely You're Joking Mr Feynman,198,"Feynman, Richard",science,92.5,"I watched this film not really expecting much, I got it in a pack of 5 films, all of which were pretty terrible in their own way for under a fiver so what could I expect? and you know what I was right, they were all terrible, this movie has a few (and a few is stretching it) interesting points, the ",https://salt.tikicdn.com/cache/200x200/ts/product/c9/e4/18/a9cfc425fa590c453f20307229804bb3.jpg.webp,6
9785468555365,"Farewell to Arms, A",179,"Hemingway, Ernest",fiction,73.8,"I bought this film at Blockbuster for $3.00, because it sounded interesting (a bit Ranma-esque, with the idea of someone dragging around a skeleton), because there was a cute girl in a mini-skirt on the back, and because there was a Restricted Viewing sticker on it. I thought it was going to be a sw",https://salt.tikicdn.com/cache/200x200/ts/product/74/11/ff/6304c47fec56e6f0b2110be65af0c7c2.jpg.webp,6
9785468555366,"Veteran, The",177,"Forsyth, Frederick",fiction,93.4,"The plot is about the death of little children. Hopper is the one who has to investigate the killings. During the movie it appears that he has some troubles with his daughter. In the end the serial killer get caught. That's it. But before you find out who dunnit, you have to see some terrible acting",https://salt.tikicdn.com/cache/200x200/ts/product/0e/28/ef/0b987bac37e360fff8044b1447da52ea.png.webp,6
9785468555367,False Impressions,177,"Archer, Jeffery",fiction,40,"Ever watched a movie that lost the plot? Well, this didn't even really have one to begin with.  Where to begin? The achingly tedious scenes of our heroine sitting around the house with actually no sense of menace or even foreboding created even during the apparently constant thunderstorms ",https://salt.tikicdn.com/cache/200x200/ts/product/51/74/f3/831d5248c02718b7415e97edf5f99de6.jpg.webp,6
9785468555368,"Last Lecture, The",197,"Pausch, Randy",nonfiction,16.5,"Okay, so this series kind of takes the route of 'here we go again!' Week in, week out David Morse's character helps out his ride who is in a bit of a pickle - but what's wrong with that!? David Morse is one of the greatest character actors out there, and certainly the coolest, and to have him in a s",https://salt.tikicdn.com/cache/200x200/ts/product/5f/97/52/a53eb98af3927cc5b5aeb08efa58d483.jpg.webp,6
9785468555369,Return of the Primitive,202,"Rand, Ayn",philosophy,19.1,"After sitting through this pile of dung, my husband and I wondered whether it was actually the product of an experiment to see whether a computer program could produce a movie. It was that listless and formulaic. But the U.S. propaganda thrown in your face throughout the film proves--disappointingly",https://salt.tikicdn.com/cache/200x200/ts/product/2f/b5/4e/a8208e9019c8510e8a8eebe06f50299c.jpg.webp,6
9785468555370,Jurassic Park,174,"Crichton, Michael",fiction,85.2,"It had all the clichés of movies of this type and no substance. The plot went nowhere and at the end of the movie I felt like a sucker for watching it. The production was good; however, the script and acting were B-movie quality. The casting was poor because there were good actors mixed in with cru",https://salt.tikicdn.com/cache/200x200/ts/product/5e/18/24/2a6154ba08df6ce6161c13f4303fa19e.jpg.webp,6
9785468555371,"Russian Journal, A",196,"Steinbeck, John",nonfiction,66.5,"This movie is based on the book, ""A Many Splendored Thing"" by Han Suyin and tackles issues of race relations between Asians and Whites, a topic that comes from Han's personal experiences as an Eurasian growing up in China. That background, and the beautiful Hong Kong settings, gives this love story ",https://salt.tikicdn.com/cache/200x200/ts/product/65/74/fb/1e6ca7a2fa28d83667a8e50144e43d0d.jpg.webp,6
9785468555372,Tales of Mystery and Imagination,172,"Poe, Edgar Allen",fiction,58.1,"Of all the films I have seen, this one, The Rage, has got to be one of the worst yet. The direction, LOGIC, continuity, changes in plot-script and dialog made me cry out in pain. ""How could ANYONE come up with something so crappy""? Gary Busey is know for his ""B"" movies, but this is a sure ""W"" movie.",https://salt.tikicdn.com/cache/200x200/ts/product/7c/0d/6c/8fcbd6abc1ac716d07b3593f9b97f53b.jpg.webp,6
9785468555373,Freakonomics,197,"Dubner, Stephen",economics,11.9,"I had heard good things about ""States of Grace"" and came in with an open mind. I thought that ""God's Army"" was okay, and I thought that maybe Dutcher had improved and matured as a filmmaker. The film began with some shaky acting, and I thought, ""well, maybe it will get better."" Unfortunately, it nev",https://salt.tikicdn.com/cache/200x200/ts/product/c9/e4/18/a9cfc425fa590c453f20307229804bb3.jpg.webp,6
9785468555374,"Hidden Connections, The",197,"Capra, Fritjof",science,64.4,"This movie struck home for me. Being 29, I remember the '80's and my father working in a factory. I figured, if I worked hard too, if I had pride and never gave up I too could have the American Dream, the house, a few kids, a car all to call my own. I've noted however, without a degree in something ",https://salt.tikicdn.com/cache/200x200/ts/product/74/11/ff/6304c47fec56e6f0b2110be65af0c7c2.jpg.webp,6
9785468555375,"Story of Philosophy, The",170,"Durant, Will",philosophy,69.2,"As a disclaimer, I've seen the movie 5-6 times in the last 15 years, and I only just saw the musical this week. This allowed me to judge the movie without being tainted by what was or wasn't in the musical (however, it tainted me when I watched the musical :) )   I actually believe Michael",https://salt.tikicdn.com/cache/200x200/ts/product/0e/28/ef/0b987bac37e360fff8044b1447da52ea.png.webp,6
9785468555376,Asami Asami,205,"Deshpande, P L",fiction,23,Protocol is an implausible movie whose only saving grace is that it stars Goldie Hawn along with a good cast of supporting actors. The story revolves around a ditzy cocktail waitress who becomes famous after inadvertently saving the life of an Arab dignitary. The story goes downhill halfway through ,https://salt.tikicdn.com/cache/200x200/ts/product/51/74/f3/831d5248c02718b7415e97edf5f99de6.jpg.webp,6
9785468555377,Journal of a Novel,196,"Steinbeck, John",fiction,93.2,"How this film could be classified as Drama, I have no idea. If I were John Voight and Mary Steenburgen, I would be trying to erase this from my CV. It was as historically accurate as Xena and Hercules. Abraham and Moses got melded into Noah. Lot, Abraham's nephew, Lot, turns up thousands of years be",https://salt.tikicdn.com/cache/200x200/ts/product/5f/97/52/a53eb98af3927cc5b5aeb08efa58d483.jpg.webp,6
9785468555378,Once There Was a War,196,"Steinbeck, John",nonfiction,59.1,Preston Sturgis' THE POWER AND THE GLORY was unseen by the public for nearly twenty or thirty years until the late 1990s when it resurfaced and even showed up on television. In the meantime it had gained in notoriety because Pauline Kael's THE CITIZEN KANE BOOK had suggested that the Herman Mankiewi,https://salt.tikicdn.com/cache/200x200/ts/product/2f/b5/4e/a8208e9019c8510e8a8eebe06f50299c.jpg.webp,6
9785468555379,"Moon is Down, The",196,"Steinbeck, John",fiction,71.5,"Average (and surprisingly tame) Fulci giallo which means it's still quite bad by normal standards, but redeemed by its solid build-up and some nice touches such as a neat time twist on the issues of visions and clairvoyance.  The genre's well-known weaknesses are in full gear: banal dialog",https://salt.tikicdn.com/cache/200x200/ts/product/5e/18/24/2a6154ba08df6ce6161c13f4303fa19e.jpg.webp,6
9785468555380,"Brethren, The",174,"Grisham, John",fiction,77.4,"Return to the 36th Chamber is one of those classic Kung-Fu movies which Shaw produces back in the 70s and 80s, whose genre is equivalent to the spaghetti westerns of Hollywood, and the protagonist Gordon Liu, the counterpart to the western's Clint Eastwood. Digitally remastered and a new print made ",https://salt.tikicdn.com/cache/200x200/ts/product/65/74/fb/1e6ca7a2fa28d83667a8e50144e43d0d.jpg.webp,6
9785468555381,In a Free State,196,"Naipaul, V. S.",fiction,51,"***SPOILERS*** All too, in real life as well as in the movies, familiar story that happens to many young men who are put in a war zone with a gun, or rifle, in their hands. The case of young and innocent, in never handling or firing a gun, Jimmy Davis, Franchot Tone, has been repeated thousands of t",https://salt.tikicdn.com/cache/200x200/ts/product/7c/0d/6c/8fcbd6abc1ac716d07b3593f9b97f53b.jpg.webp,6
9785468555382,Catch 22,178,"Heller, Joseph",fiction,98.5,Bela Lugosi appeared in several of these low budget chillers for Monogram Studios in the 1940's and The Corpse Vanishes is one of the better ones.  Bela plays a mad scientist who kidnaps young brides and kills them and then extracts fluid from their bodies so he can keep his ageing wife lo,https://salt.tikicdn.com/cache/200x200/ts/product/c9/e4/18/a9cfc425fa590c453f20307229804bb3.jpg.webp,6
9785468555383,"Complete Mastermind, The",178,BBC,nonfiction,29.8,"I cannot believe I enjoyed this as much as I did. The anthology stories were better than par, but the linking story and its surprise ending hooked me. Alot of familiar faces will keep you asking yourself ""where I have I seen them before?"" Forget the running time listed on New Line's tape, this ain't",https://salt.tikicdn.com/cache/200x200/ts/product/74/11/ff/6304c47fec56e6f0b2110be65af0c7c2.jpg.webp,6
9785468555384,Dylan on Dylan,197,"Dylan, Bob",nonfiction,95.4,"The 33 percent of the nations nitwits that still support W. Bush would do well to see this movie, which shows the aftermath of the French revolution and the terror of 1794 as strikingly similar to the post 9/11 socio-political landscape. Maybe then they could stop worrying about saving face and take",https://salt.tikicdn.com/cache/200x200/ts/product/0e/28/ef/0b987bac37e360fff8044b1447da52ea.png.webp,6
9785468555385,Soft Computing & Intelligent Systems,242,"Gupta, Madan",data_science,48.4,"As someone has already mentioned on this board, it's very difficult to make a fake documentary. It requires tremendous skill, pacing, patience, directorial 'distance,' a plausible premise, a narrative 'flow,' and REALLY believable acting (aka GREAT acting).   Such is not the case with 'Lov",https://salt.tikicdn.com/cache/200x200/ts/product/51/74/f3/831d5248c02718b7415e97edf5f99de6.jpg.webp,6
9785468555386,Textbook of Economic Theory,242,"Stonier, Alfred",economics,62.7,"The Hills Have Eyes II is what you would expect it to be and nothing more. Of course it's not going to be an Oscar nominated film, it's just pure entertainment which you can just lose yourself in for 90 minutes.  The plot is basically about a group of National Guard trainees who find thems",https://salt.tikicdn.com/cache/200x200/ts/product/5f/97/52/a53eb98af3927cc5b5aeb08efa58d483.jpg.webp,6
9785468555387,Econometric Analysis,242,"Greene, W. H.",economics,17.6,"I laughed all the way through this rotten movie. It's so unbelievable. A woman leaves her husband after many years of marriage, has a breakdown in front of a real estate office. What happens? The office manager comes outside and offers her a job!!! Hilarious! Next thing you know the two women are go",https://salt.tikicdn.com/cache/200x200/ts/product/2f/b5/4e/a8208e9019c8510e8a8eebe06f50299c.jpg.webp,6
9785468555388,Learning OpenCV,232,"Bradsky, Gary",data_science,60.2,"NO SPOILERS!!  After Hitchcock's successful first American film, Rebecca based upon Daphne DuMarier's lush novel of gothic romance and intrigue, he returned to some of the more familiar themes of his early British period - mistaken identity and espionage. As the U.S. settled into World War",https://salt.tikicdn.com/cache/200x200/ts/product/5e/18/24/2a6154ba08df6ce6161c13f4303fa19e.jpg.webp,6
9785468555389,Data Structures Using C & C++,235,"Tanenbaum, Andrew",computer_science,61.4,"I just watched The Dresser this evening, having only seen it once before, about a dozen years ago.  It's not a ""big"" movie, and doesn't try to make a big splash, but my God, the brilliance of the two leads leaves me just about speechless. Albert Finney and Tom Courtenay are nothing less th",https://salt.tikicdn.com/cache/200x200/ts/product/65/74/fb/1e6ca7a2fa28d83667a8e50144e43d0d.jpg.webp,6
9785468555390,"Computer Vision, A Modern Approach",255,"Forsyth, David",data_science,18,"What happened? What we have here is basically a solid and plausible premise and with a decent and talented cast, but somewhere the movie loses it. Actually, it never really got going. There was a little excitement when we find out that Angie is not really pregnant, then find out that she is after al",https://salt.tikicdn.com/cache/200x200/ts/product/7c/0d/6c/8fcbd6abc1ac716d07b3593f9b97f53b.jpg.webp,6
9785468555391,Principles of Communication Systems,240,"Taub, Schilling",computer_science,99.8,"I've just watched Fingersmith, and I'm stunned to see the 8/10 average rating for the show.  Not only was the plot was difficult to follow, but it seems character development was randomly applied.  The actors were adequate, but in the process of attempting to create twists and tu",https://salt.tikicdn.com/cache/200x200/ts/product/c9/e4/18/a9cfc425fa590c453f20307229804bb3.jpg.webp,6
9785468555392,Let Us C,213,"Kanetkar, Yashwant",computer_science,82.5,"So let's begin!)))  The movie itself is as original as Cronenberg's movies would usually appear...  My intention to see it was certainly JJL being one of my favourite actresses. She is as lovely as usual, this cutie!  I would not say it was my favourite movie of hers. S",https://salt.tikicdn.com/cache/200x200/ts/product/74/11/ff/6304c47fec56e6f0b2110be65af0c7c2.jpg.webp,6
9785468555393,"Amulet of Samarkand, The",179,"Stroud, Jonathan",fiction,92,"Besides being boring, the scenes were oppressive and dark. The movie tried to portray some kind of moral, but fell flat with its message. What were the redeeming qualities?? On top of that, I don't think it could make librarians look any more unglamorous than it did.",https://salt.tikicdn.com/cache/200x200/ts/product/0e/28/ef/0b987bac37e360fff8044b1447da52ea.png.webp,6
9785468555394,Crime and Punishment,180,"Dostoevsky, Fyodor",fiction,77.9,An unmarried woman named Stella (Bette Midler) gets pregnant by a wealthy man (Stephen Collins). He offers to marry her out of a sense of obligation but she turns him down flat and decides to raise the kid on her own. Things go OK until the child named Jenny (Trini Alvarado) becomes a teenager and t,https://salt.tikicdn.com/cache/200x200/ts/product/51/74/f3/831d5248c02718b7415e97edf5f99de6.jpg.webp,6
9785468555395,Angels & Demons,178,"Brown, Dan",fiction,94.6,"DON'T TORTURE A DUCKLING is one of Fulci's earlier (and honestly, in terms of story-line, better...) films - and although not the typical ""bloodbath"" that Fulci is known for - this is still a very unique and enjoyable film.  The story surrounds a small town where a series of child murders ",https://salt.tikicdn.com/cache/200x200/ts/product/5f/97/52/a53eb98af3927cc5b5aeb08efa58d483.jpg.webp,6
9785468555396,"Argumentative Indian, The",209,"Sen, Amartya",nonfiction,41.8,"Busty beauty Stacie Randall plays PVC clad, bad-ass bitch Alexandra, the faithful acolyte of Faust, an evil entity trapped in hell. Determined to free her master, the malevolent minx breaks into a warehouse to steal a magical gem vital to her success; but whilst conducting a satanic ritual to summon",https://salt.tikicdn.com/cache/200x200/ts/product/2f/b5/4e/a8208e9019c8510e8a8eebe06f50299c.jpg.webp,6
9785468555397,Sea of Poppies,197,"Ghosh, Amitav",fiction,19.9,I really like Salman Kahn so I was really disappointed when I seen this movie. It didn't have much of a plot and what they did have was not that appealing. Salman however did look good in the movie looked young and refreshed but was worth the price of this DVD. The music was not bad it was quite nic,https://salt.tikicdn.com/cache/200x200/ts/product/5e/18/24/2a6154ba08df6ce6161c13f4303fa19e.jpg.webp,6
9785468555398,"Idea of Justice, The",212,"Sen, Amartya",nonfiction,80.7,"I'm not sure why the producers needed to trade on the name of a somewhat successful movie franchise because the title suggests that it is a sequel to the first three movies..which it is not. Even though Marques Houston did appear in ""HP3"", he played a totally different character (he was, eight years",https://salt.tikicdn.com/cache/200x200/ts/product/65/74/fb/1e6ca7a2fa28d83667a8e50144e43d0d.jpg.webp,6
9785468555399,"Raisin in the Sun, A",175,"Hansberry, Lorraine",fiction,49.6,"This film laboured along with some of the most predictable story lines and shallow characters ever seen. The writer obviously bought the playbook ""How to write a space disaster movie"" and followed it play by play. In particular, the stereo-typical use of astronauts talking to their loved ones from o",https://salt.tikicdn.com/cache/200x200/ts/product/7c/0d/6c/8fcbd6abc1ac716d07b3593f9b97f53b.jpg.webp,6
9785468555400,All the President's Men,177,"Woodward, Bob",history,74.2,"Caddyshack Two is a good movie by itself but compared to the original it cant stack up. Robert Stack is a horrible replacement for Ted Knight and Jackie Mason, while funny just cant compete with Rodney Dangerfield. Ty Webb is funny, being the only character from the original. Most of the other chara",https://salt.tikicdn.com/cache/200x200/ts/product/c9/e4/18/a9cfc425fa590c453f20307229804bb3.jpg.webp,6
9785468555401,"Prisoner of Birth, A",176,"Archer, Jeffery",fiction,11,Honestly - this short film sucks. the dummy used in the necro scene is pretty well made but still phony enough looking to ruin the viewing experience. the Unearthed DVD is crisp and clear and I haven't made up my mind if this helps or hinders it. If the film was a little grainy it might have added s,https://salt.tikicdn.com/cache/200x200/ts/product/74/11/ff/6304c47fec56e6f0b2110be65af0c7c2.jpg.webp,6
9785468555402,Scoop!,216,"Nayar, Kuldip",history,90.8,"I thought that Mukhsin has been wonderfully written. Its not just about entertainment. There's tonnes of subtle messages that i think Yasmin was trying to bring across. And yes, it might be confusing to some of you(especially if you didn't watch Sepet and/or Gubra for 76 times).  I bet u n",https://salt.tikicdn.com/cache/200x200/ts/product/0e/28/ef/0b987bac37e360fff8044b1447da52ea.png.webp,6
9785468555403,Ahe Manohar Tari,213,"Deshpande, Sunita",nonfiction,93.3,"I am not a golf fan by any means. On May 26 about 10:30 PM the movie started with a scene in the late 1800's. Old movies I like but not golf however, within the first scene a young boy (Harry Vardon) is awaken by the voices of men. He goes outside to inquire what they are doing and is told they are ",https://salt.tikicdn.com/cache/200x200/ts/product/51/74/f3/831d5248c02718b7415e97edf5f99de6.jpg.webp,6
9785468555404,"Last Mughal, The",199,"Dalrymple, William",history,13.6,"Upon viewing Tobe Hooper's gem, Crocodile, in 2000, I developed a great interest in the college/crocodile niche of the exploitation/monster genre. I look forward to a wayward producer to follow up with several sequels to these delightful bonbons of camp goodness. If only Ed Wood could bring his subt",https://salt.tikicdn.com/cache/200x200/ts/product/5f/97/52/a53eb98af3927cc5b5aeb08efa58d483.jpg.webp,6
9785468555405,"Social Choice & Welfare, Vol 39 No. 1",235,Various,economics,10.5,"It tries to be the epic adventure of the century. And with a cast like Shô Kasugi, Christopher Lee and John-Rhys Davies it really is the perfect B-adventure of all time. It's actually is a pretty fun, swashbuckling adventure that, even with it's flaws, captures your interest. It must have felt as t",https://salt.tikicdn.com/cache/200x200/ts/product/2f/b5/4e/a8208e9019c8510e8a8eebe06f50299c.jpg.webp,6
9785468555406,Radiowaril Bhashane & Shrutika,213,"Deshpande, P L",nonfiction,94.6,The Last Hard Men finds James Coburn an outlaw doing a long sentence breaking free from a chain gang. Do he and his friends head for the Mexican border from jail and safety. No they don't because Coburn has a mission of revenge. To kill the peace officer who brought him in and in the process killed ,https://salt.tikicdn.com/cache/200x200/ts/product/5e/18/24/2a6154ba08df6ce6161c13f4303fa19e.jpg.webp,6
9785468555407,Gun Gayin Awadi,212,"Deshpande, P L",nonfiction,76.3,"Maybe it was the title, or the trailer (certainly not the interview on the DVD, which is with the director as he keeps saying ""hi, kids"" into the camera like a buffoon), but I had expectations for Entrails of a Virgin to be at least a bit of sleazy fun with some good sex scenes and brutal, bloody ki",https://salt.tikicdn.com/cache/200x200/ts/product/65/74/fb/1e6ca7a2fa28d83667a8e50144e43d0d.jpg.webp,6
9785468555408,Aghal Paghal,212,"Deshpande, P L",nonfiction,21.1,"The few scenes that actually attempt a depiction of revolutionary struggle resemble a hirsute Boy Scout troop meandering tentatively between swimming holes. When Sharif or, please God, Palance try their hand at fiery oratory, they sound like Kurtz swallowing a bug. The displays of strategic brillian",https://salt.tikicdn.com/cache/200x200/ts/product/7c/0d/6c/8fcbd6abc1ac716d07b3593f9b97f53b.jpg.webp,6
9785468555409,Maqta-e-Ghalib,221,"Garg, Sanjay",fiction,56.2,This film took me by surprise. I make it a habit of finding out as little as possible about films before attending because trailers and reviews provide spoiler after spoiler. All I knew upon entering the theater is that it was a documentary about a long married couple and that IMDb readers gave it a,https://salt.tikicdn.com/cache/200x200/ts/product/c9/e4/18/a9cfc425fa590c453f20307229804bb3.jpg.webp,6
9785468555410,Beyond Degrees,222,Thao,nonfiction,65.6,"Stephen Hawkings is a genius. He is the king of geniuses. Watching this movie makes me feel dumb. But it's a great movie. Not highly entertaining, but very very intriguing. The movie centers around wheelchair bound Stephen Hawkings, a man who makes Einstein look average, and his theories and scienti",https://salt.tikicdn.com/cache/200x200/ts/product/74/11/ff/6304c47fec56e6f0b2110be65af0c7c2.jpg.webp,6
9785468555411,Manasa,213,"Kale, V P",nonfiction,45,"The story is about a psychic woman, Tory, who returns to her hometown and begins reliving her traumatic childhood past (the death of her childhood friend and abusive father). Tory discovers that her friend was just the first in a string of murders that are still occurring. Can her psychic powers hel",https://salt.tikicdn.com/cache/200x200/ts/product/0e/28/ef/0b987bac37e360fff8044b1447da52ea.png.webp,6
9785468555412,India from Midnight to Milennium,198,"Tharoor, Shashi",history,29.9,"Oh God, I must have seen this when I was only 11 or twelve, (don't ask how) I may have been young, but I wasn't stupid. Anyone could see that this is a bad movie, nasty, gross, unscary and very silly. I've seen more impressive effects at Disneyland, I've seen better performances at a school play, An",https://salt.tikicdn.com/cache/200x200/ts/product/51/74/f3/831d5248c02718b7415e97edf5f99de6.jpg.webp,6
9785468555413,"World's Greatest Trials, The",210,Thao,history,57.2,"Fate leads Walter Sparrow to come in possession of a mysterious novel that has eerie similarities and connections to his life, all based around the number 23. As the story unfolds in real life and fiction, Sparrow must figure out his connection to the book and how the story will eventually end.<br",https://salt.tikicdn.com/cache/200x200/ts/product/5f/97/52/a53eb98af3927cc5b5aeb08efa58d483.jpg.webp,6
9785468555414,"Great Indian Novel, The",198,"Tharoor, Shashi",fiction,57.1,"We brought this film as a joke for a friend, and could of been our worst joke to play. The film is barely watchable, and the acting is dire. The worst child actor ever used and Hasslehoff giving a substandard performance. The plot is disgraceful and at points we was so bored we was wondering what th",https://salt.tikicdn.com/cache/200x200/ts/product/2f/b5/4e/a8208e9019c8510e8a8eebe06f50299c.jpg.webp,6
9785468555415,O Jerusalem!,217,"Lapierre, Dominique",history,39.2,This was probably the worst movie i have ever seen in my life!! It was stupid there was no plot and the special affects were ridiculous!! And i have never seen such bad acting in my life! The only good part about the movie were all the hot guys(especially Drew Fuller). I don't know what these people,https://salt.tikicdn.com/cache/200x200/ts/product/5e/18/24/2a6154ba08df6ce6161c13f4303fa19e.jpg.webp,6
9785468555416,"City of Joy, The",177,"Lapierre, Dominique",fiction,23.1,"This is a typical Steele novel production in that two people who have undergone some sort of tragedy manage to get together despite the odds. I wouldn't call this a spoiler because anyone who has read a Steele novel knows how they ALL end. If you don't want to know much about the plot, don't keep re",https://salt.tikicdn.com/cache/200x200/ts/product/65/74/fb/1e6ca7a2fa28d83667a8e50144e43d0d.jpg.webp,6
9785468555417,Freedom at Midnight,167,"Lapierre, Dominique",history,59.8,Oh noes one of these attack of the Japanese ghost girl movies... i don't even remember how many i've seen. maybe it sells... but not to me. not scary at all. the japanese horror movies are have been very similar since the first one of these... also the pulling of the kid. i have seen that pulled und,https://salt.tikicdn.com/cache/200x200/ts/product/7c/0d/6c/8fcbd6abc1ac716d07b3593f9b97f53b.jpg.webp,6
9785468555418,"Winter of Our Discontent, The",196,"Steinbeck, John",fiction,19.4,"Nicholas Walker is Paul, the local town Reverand who's married to Martha (Ally Sheedy), but also is a habitual womanizer and decides to fake his own death to run away with his current affair, Veronica (Dara Tomanovich). However in so doing, he gets a bout of amnesia (hence the name of the film). Sal",https://salt.tikicdn.com/cache/200x200/ts/product/c9/e4/18/a9cfc425fa590c453f20307229804bb3.jpg.webp,6
9785468555419,On Education,203,"Russell, Bertrand",philosophy,62.2,"Hollywood movie industry is the laziest one in the entire world. It only needs a single hit to flood theaters with the same old crap re-invented over and over again. Take superheroes for example, for each X-Man and Spiderman, there are Daredevil, Elektra, Ghost Rider and Hulk. Japanese horror remake",https://salt.tikicdn.com/cache/200x200/ts/product/74/11/ff/6304c47fec56e6f0b2110be65af0c7c2.jpg.webp,6
9785468555420,Free Will,203,"Harris, Sam",philosophy,35.5,"Down Periscope has been in our library since it first arrived in VHS. Since then, we have acquired the DVD and a digital from Cinema Now.  It is a quirky flick that does not go militarily overboard as either pro or con. It is first and foremost a comedy and as a vehicle for the main char",https://salt.tikicdn.com/cache/200x200/ts/product/0e/28/ef/0b987bac37e360fff8044b1447da52ea.png.webp,6
9785468555421,Bookless in Baghdad,206,"Tharoor, Shashi",nonfiction,68.5,"If you came here, it's because you've already seen this film and were curious what others had to say about it.  I feel for you, I *really* do. And I profusely apologize as a Canadian (because that's what we do) that this film ever had to cross your eyes, if only for a moment. I hear there ",https://salt.tikicdn.com/cache/200x200/ts/product/51/74/f3/831d5248c02718b7415e97edf5f99de6.jpg.webp,6
9785468555422,"Case of the Lame Canary, The",179,"Gardner, Earle Stanley",fiction,34.1,"Deanna Durbin, Nan Grey and Barbara Read are ""Three Smart Girls"" in this Universal film from 1936, which introduces Deanna Durbin to film audiences. It also stars Ray Milland, Mischa Auer, Charles Winninger, John King, Binnie Barnes and Alice Brady. It's a sweet story about three young women, now li",https://salt.tikicdn.com/cache/200x200/ts/product/5f/97/52/a53eb98af3927cc5b5aeb08efa58d483.jpg.webp,6
9785468555423,"Theory of Everything, The",217,"Hawking, Stephen",science,24.8,"If anyone is wondering why no one makes movies like they used to, with conversation, character and a simple theme of friendship struggling to evolve into something new, better and different, those folks need to take in this film and see top notch writing, directing, and acting that melds into a wond",https://salt.tikicdn.com/cache/200x200/ts/product/2f/b5/4e/a8208e9019c8510e8a8eebe06f50299c.jpg.webp,6
9785468555424,New Markets & Other Essays,176,"Drucker, Peter",economics,69,"I watched this series out of curiosity,wanting to see if they could possibly and with ALL this modern technology,out do Cecil B. DeMille's classic epic of 1956, starring Charleton Heston,Yul Brenner and Sir Cedric Hardwicke. Of course, I was let down. Yes, they had all the Biblical characters correc",https://salt.tikicdn.com/cache/200x200/ts/product/5e/18/24/2a6154ba08df6ce6161c13f4303fa19e.jpg.webp,6
9785468555425,Electric Universe,201,"Bodanis, David",science,48.3,"Daniel Day-Lewis is the most versatile actor alive. English aristocratic snob in A Room With a View, passionate Irish thief in In the Name of the Father, an impudent, violent butcher in Gangs of New York (in a performance ten times stronger than Adrian Brody's in the Pianist) and as the outrageous C",https://salt.tikicdn.com/cache/200x200/ts/product/65/74/fb/1e6ca7a2fa28d83667a8e50144e43d0d.jpg.webp,6
9785468555426,"Hunchback of Notre Dame, The",175,"Hugo, Victor",fiction,30.7,"My guess would be this was originally going to be at least two parts, and thus at least a quarter longer, because otherwise how can one explain its confused, abbreviated storyline. I was never completely lost, but I was often partially lost and usually unclear on character motivation. The movie feel",https://salt.tikicdn.com/cache/200x200/ts/product/7c/0d/6c/8fcbd6abc1ac716d07b3593f9b97f53b.jpg.webp,6
9785468555427,Burning Bright,175,"Steinbeck, John",fiction,77.7,"Well, I like to watch bad horror B-Movies, cause I think it's interesting to see stupidity and unability of creators to shoot seriously good movie. (I always compare this movies to - for example - some Spielberg's works and again-and-again don't understand the huge difference in what I see.) I like ",https://salt.tikicdn.com/cache/200x200/ts/product/c9/e4/18/a9cfc425fa590c453f20307229804bb3.jpg.webp,6
9785468555428,"Age of Discontuinity, The",178,"Drucker, Peter",economics,98,"This IS the worst movie I have ever seen, as well as, the worst that I will probably EVER see. I see no need to rehash what all the others have said previously, just be forewarned...  This IS NOT one of those bad movies you think you want to watch because you want to be able to make fun of",https://salt.tikicdn.com/cache/200x200/ts/product/74/11/ff/6304c47fec56e6f0b2110be65af0c7c2.jpg.webp,6
9785468555429,Doctor in the Nude,179,"Gordon, Richard",fiction,63.4,"I have been a Mario fan for as long as I can remember, I have very fond memories of playing Super Mario World as a kid, this game has brought back many of those memories while adding something new. Super Mario Galaxy is the latest installment in the amazing Mario franchise. There is much very differ",https://salt.tikicdn.com/cache/200x200/ts/product/0e/28/ef/0b987bac37e360fff8044b1447da52ea.png.webp,
9785468555430,Down and Out in Paris & London,179,"Orwell, George",nonfiction,64,"This short film that inspired the soon-to-be full length feature - Spatula Madness - is a hilarious piece that contends against similar cartoons yielding multiple writers. The short film stars Edward the Spatula who after being fired from his job, joins in the fight against the evil spoons. This pre",https://salt.tikicdn.com/cache/200x200/ts/product/51/74/f3/831d5248c02718b7415e97edf5f99de6.jpg.webp,
9785468555431,Identity & Violence,219,"Sen, Amartya",philosophy,85.9,"Okay, last night, August 18th, 2004, I had the distinct displeasure of meeting Mr. Van Bebble at a showing of the film The Manson Family at the Three Penny in Chicago as part of the Chicago Underground Film Festival. Here's what I have to say about it. First of all, the film is an obvious rip off of",https://salt.tikicdn.com/cache/200x200/ts/product/5f/97/52/a53eb98af3927cc5b5aeb08efa58d483.jpg.webp,
9785468555432,Beyond the Three Seas,197,"Dalrymple, William",history,76.8,"I bought this game on an impulse buy from walmart. I am glad I did. It was very entertaining listening to Sean Connery and playing the game. I thought the graphics were the best I have ever seen in a movie/game remake. The bonus levels were very hard! The sniper one I think was too hard, it made me ",https://salt.tikicdn.com/cache/200x200/ts/product/2f/b5/4e/a8208e9019c8510e8a8eebe06f50299c.jpg.webp,
9785468555433,"World's Greatest Short Stories, The",217,Thao,fiction,30.3,"No, this hilariously horrible 70's made-for-TV horror clinker isn't about a deadly demonically possessed dessert cake. Still, this exceptionally awful, yet undeniably amusing and thus enjoyable cathode ray refuse reaches a breathtaking apex of absolute, unremitting silliness and atrociousness that's",https://salt.tikicdn.com/cache/200x200/ts/product/5e/18/24/2a6154ba08df6ce6161c13f4303fa19e.jpg.webp,
9785468555434,Talking Straight,175,"Iacoca, Lee",nonfiction,71.1,"It is easy to tell early in this movie exactly what will happen, and who will die. It is about 4 women and a man who on a vacation. This was made during the end of the ultra Nazi seventies, when blonde women were supposedly ultra American survivors and brunettes were all deserving of death. <br",https://salt.tikicdn.com/cache/200x200/ts/product/65/74/fb/1e6ca7a2fa28d83667a8e50144e43d0d.jpg.webp,
9785468555435,"Maugham's Collected Short Stories, Vol 3",171,"Maugham, William S",fiction,86.6,"Marion Davies stars in this remarkable comedy ""Show People"" released by MGM in 1928. Davies plays a hick from Savannah, Georgia, who arrives in Hollywood with her father (Dell Henderson). The jalopy they arrive in is a hoot - as is Davies outrageous southern costume. Davies lands a job in slapstick ",https://salt.tikicdn.com/cache/200x200/ts/product/7c/0d/6c/8fcbd6abc1ac716d07b3593f9b97f53b.jpg.webp,
9785468555436,"Phantom of Manhattan, The",180,"Forsyth, Frederick",fiction,86.1,"The performance of every actor and actress (in the film) are excellently NATURAL which is what movie acting should be; and the directing skill is so brilliantly handled on every details that I am never tired of seeing it over and over again. However, I am rather surprised to see that this film is no",https://salt.tikicdn.com/cache/200x200/ts/product/c9/e4/18/a9cfc425fa590c453f20307229804bb3.jpg.webp,
9785468555437,Ashenden of The British Agent,160,"Maugham, William S",fiction,81.1,"While Star Trek the Motion Picture was mostly boring, Star Trek The Final Frontier is plain bad. In this terrible sequel, the crew is on shore leave when they get a distress signal from the Federation that ambassadors representing Earth, Romulus and Kronos (the Klingon home world) have been kidnappe",https://salt.tikicdn.com/cache/200x200/ts/product/74/11/ff/6304c47fec56e6f0b2110be65af0c7c2.jpg.webp,
9785468555438,Zen & The Art of Motorcycle Maintenance,172,"Pirsig, Robert",philosophy,60.3,"Despite later claims, this early-talkie melodrama has very little in common with ""Citizen Kane"": It's a biopic of a ruthless but human fictional plutocrat, told in flashback but hopping around time. The scriptwriter, Preston Sturges, shows none of his later gift for sparkling dialog, and none of the",https://salt.tikicdn.com/cache/200x200/ts/product/0e/28/ef/0b987bac37e360fff8044b1447da52ea.png.webp,
9785468555439,"Great War for Civilization, The",197,"Fisk, Robert",history,45.6,"This is the best version (so far) that you will see and the most true to the Bronte work. Dalton is a little tough to imagine as Rochester who Jane Eyre declared ""not handsome"". But his acting overcomes this and Zelah Clark, pretty as she is, is also a complete and believable Jane Eyre. This product",https://salt.tikicdn.com/cache/200x200/ts/product/51/74/f3/831d5248c02718b7415e97edf5f99de6.jpg.webp,
9785468555440,We the Living,178,"Rand, Ayn",fiction,40.1,"Apparently, the people that wrote the back of the box did not bother to watch this so-called ""movie."" They described ""blindingly choreographed intrigue and violence."" I saw no ""intrigue."" I instead saw a miserable attempt at dialogue in a supposed kung fu movie. I saw no ""violence."" At least, I saw ",https://salt.tikicdn.com/cache/200x200/ts/product/5f/97/52/a53eb98af3927cc5b5aeb08efa58d483.jpg.webp,
9785468555441,"Artist and the Mathematician, The",186,"Aczel, Amir",science,58.3,"I liked Boyle's performance, but that's about the only positive thing I can say. Everything was overdone to the point of absurdity. Most of the actors spoke like you would expect your 9-year-old nephew to speak if he were pretending to be a jaded, stone-hearted cop, or an ultra-evil villain. The ras",https://salt.tikicdn.com/cache/200x200/ts/product/2f/b5/4e/a8208e9019c8510e8a8eebe06f50299c.jpg.webp,
9785468555442,History of Western Philosophy,213,"Russell, Bertrand",philosophy,55.8,It's terrific when a funny movie doesn't make smile you. What a pity!! This film is very boring and so long. It's simply painfull. The story is staggering without goal and no fun.  You feel better when it's finished.,https://salt.tikicdn.com/cache/200x200/ts/product/5e/18/24/2a6154ba08df6ce6161c13f4303fa19e.jpg.webp,
9785468555443,Selected Short Stories,215,Thao,fiction,65.4,"So well made, no CGI crap. Has anyone else been on the ""Jumping Crocs"" tour of Darwin's Adelaide River before? Black Water was WAY realistic; Rogue was a bit cringeworthy.  Thought the blonde chick was excellent in it - haven't really seen her before. And the other chick is a babe, she is ",https://salt.tikicdn.com/cache/200x200/ts/product/65/74/fb/1e6ca7a2fa28d83667a8e50144e43d0d.jpg.webp,
9785468555444,Rationality & Freedom,213,"Sen, Amartya",economics,72.5,"The Assignment is an outstanding thriller with several plot twists driven by character, rather than star turns, the need to stage special effects, obligatory romance, and endless car chases. However, there is a car chase in here, and a dandy it is. Aidan Quinn is wonderful as both the terrorist and ",https://salt.tikicdn.com/cache/200x200/ts/product/7c/0d/6c/8fcbd6abc1ac716d07b3593f9b97f53b.jpg.webp,
9785468555445,Clash of Civilizations and Remaking of the World Order,228,"Huntington, Samuel",history,11.7,"this is one of the finest movies i have ever seen....the stark scenery...the isolation...the ignorant bigoted people hiding behind their religion...a backdrop for some wordliness and sophistication...the acting is completely natural...but for me as a""foodie' the best is the actual choosing and prepa",https://salt.tikicdn.com/cache/200x200/ts/product/c9/e4/18/a9cfc425fa590c453f20307229804bb3.jpg.webp,
9785468555446,Uncommon Wisdom,197,"Capra, Fritjof",nonfiction,13.9,"Set in the 1794, the second year of the French republic formed after the execution of Louis XVI, this film portrays the power struggle between the revolutionary leaders Danton (Gerard Depardieu, at his finest) and Robespierre (a commanding performance by the Polish actor Wojciech Pszoniak). The mode",https://salt.tikicdn.com/cache/200x200/ts/product/74/11/ff/6304c47fec56e6f0b2110be65af0c7c2.jpg.webp,
9785468555447,One,172,"Bach, Richard",nonfiction,94.4,Usually I'm a bit of a fan of the bad eighties & early nineties film featuring now has beens...but this film is so incredibly terrible that it was a real endurance test to sit through. Guys dressing up as girls has been done to death - but never so pathetically. Corey Haim's performance was abysmal ,https://salt.tikicdn.com/cache/200x200/ts/product/0e/28/ef/0b987bac37e360fff8044b1447da52ea.png.webp,
9785468555448,Karl Marx Biography,162,Thao,nonfiction,76.9,"I have now seen quite a few films by Pedro Almodóvar, but this would have to be the most disappointing so far. This film seemed to lack the zaniness that is usually everywhere in his films, and the story just never got me interested. Many Almodóvar regulars appear in this film, so it's not like th",https://salt.tikicdn.com/cache/200x200/ts/product/51/74/f3/831d5248c02718b7415e97edf5f99de6.jpg.webp,
9785468555449,To Sir With Love,197,Braithwaite,fiction,56.4,"I greatly enjoyed Margaret Atwood's novel 'The Robber Bride', and I was thrilled to see there was a movie version. A woman frames a cop boyfriend for her own murder, and his buddy, an ex-cop journalist, tries to clear his name by checking up on the dead woman's crazy female friends. It's fortunate t",https://salt.tikicdn.com/cache/200x200/ts/product/5f/97/52/a53eb98af3927cc5b5aeb08efa58d483.jpg.webp,
9785468555450,Half A Life,196,"Naipaul, V S",fiction,64.3,this movie gets a 10 because there is a lot of gore in it.who cares about the plot or the acting.this is an Italian horror movie people so you know you can't expect much from the acting or the plot.everybody knows fulci took footage from other movies and added it to this one.since i never seen any o,https://salt.tikicdn.com/cache/200x200/ts/product/2f/b5/4e/a8208e9019c8510e8a8eebe06f50299c.jpg.webp,
9785468555451,"Discovery of India, The",230,"Nehru, Jawaharlal",history,15.7,"Ingrid Bergman, playing dentist Walter Matthau's faithful receptionist who harbors a little crush on her boss, is absolutely wonderful in this film. She handles the witty repartee in the script with aplomb and steals a terrific scene where she and Goldie Hawn talk in a record booth (Ingrid's monolog",https://salt.tikicdn.com/cache/200x200/ts/product/5e/18/24/2a6154ba08df6ce6161c13f4303fa19e.jpg.webp,
9785468555452,Apulki,211,"Deshpande, P L",nonfiction,30.8,"A bored television director is introduced to the black arts and astral projection by his girlfriend. Learning the ability to separate his spirit from his body, the man finds a renewed interest in his life and a sense of wellbeing. Unfortunately, the man discovers while he is sleeping, his spirit le
Ah yes the 1980s , a time of Reaganomics and Sly , Chuck and a host of other action stars hiding in a remote jungle blowing away commies . At the time I couldn`t believe how movies like RAMBO , MISSING IN ACTION and UNCOMMON VALOR ( And who can forget the ridiculous RED DAWN ? ) made money at the bo
This tale based on two Edgar Allen Poe pieces (The Fall of the House of Usher"", ""Dance of Death"" (poem) ) is actually quite creepy from beginning to end. It is similar to some of the old black-and-white movies about people that meet in an old decrepit house (for example, ""The Cat and the Canary"", """,https://salt.tikicdn.com/cache/200x200/ts/product/65/74/fb/1e6ca7a2fa28d83667a8e50144e43d0d.jpg.webp,
9785468555453,Unpopular Essays,198,"Russell, Bertrand",philosophy,33.3,"I am so happy and surprised that there is so much interest in this movie! Jack Frost was my introduction into the films produced and distributed by A-pix entertainment, and without exception, everything this company deals with is pure crap! First, and this is very important, never ever watch this mo",https://salt.tikicdn.com/cache/200x200/ts/product/7c/0d/6c/8fcbd6abc1ac716d07b3593f9b97f53b.jpg.webp,
9785468555454,"Deceiver, The",178,"Forsyth, Frederick",fiction,54.2,"Revolt of the Zombies proves that having the same director revamp and recycle an idea doesn't necessarily make lightning strike twice.  The Halperin brothers, responsible for the horror classic ""White Zombie"", made this trite piece of garbage a mere few years later to cash in on its popu",https://salt.tikicdn.com/cache/200x200/ts/product/c9/e4/18/a9cfc425fa590c453f20307229804bb3.jpg.webp,
9785468555455,Veil: Secret Wars of the CIA,171,"Woodward, Bob",history,62,"The complaints are valid, to me the biggest problem is that this soap opera is too aimed for women. I am okay with these night time soaps, like Grey's Anatomy, or Ugly Betty, or West Wing, because there are stories that are interesting even with the given that they will never end. However, when the ",https://salt.tikicdn.com/cache/200x200/ts/product/74/11/ff/6304c47fec56e6f0b2110be65af0c7c2.jpg.webp,
9785468555456,Char Shabda,214,"Deshpande, P L",nonfiction,27.5,"This movie was one of the best movies that I have seen this year. I didn't see any cameos in the movie, but it is still pretty good. It is similar to Anchorman in the humor department, but I think this is a better put together movie. It actually has a point. If you are going to see a whole bunch of ",https://salt.tikicdn.com/cache/200x200/ts/product/0e/28/ef/0b987bac37e360fff8044b1447da52ea.png.webp,
9785468555457,Rosy is My Relative,176,"Durrell, Gerald",fiction,29.1,"I remember seeing this film in the mid 80's thought it a well paced and well acted piece. I now work quite often in Berkeley Square and the had to get a copy of DVD to remind myself how little the area has changed, although my office is newish it just 30 seconds away from ""the bank"". Even Jack Barcl",https://salt.tikicdn.com/cache/200x200/ts/product/51/74/f3/831d5248c02718b7415e97edf5f99de6.jpg.webp,
9785468555458,"Moon and Sixpence, The",180,"Maugham, William S",fiction,69.3,"Two hours ago I was watching this brilliant movie which overwhelmed me with its imprisoning photography. It is quite understandable how it won the prize of Best Camera in Cannes 2000. Close ups predominated it. Close ups of walls, humans and of many other things. The warm colored lighting (which is ",https://salt.tikicdn.com/cache/200x200/ts/product/5f/97/52/a53eb98af3927cc5b5aeb08efa58d483.jpg.webp,
9785468555459,Political Philosophers,162,Thao,philosophy,91.7,Luckily for Bill Murray this is such a light-weight project since he pretty much has to carry it. Meatballs is the story of low-rent Camp Northstar and how its counselors deal with the campers as well as one another. Then there is much made of their wealthy rivals from across the lake named Camp Moh,https://salt.tikicdn.com/cache/200x200/ts/product/2f/b5/4e/a8208e9019c8510e8a8eebe06f50299c.jpg.webp,
9785468555460,"Short History of the World, A",197,"Wells, H G",history,39.8,"The Danish Bladerunner is boldly stated on the box. Are you kidding me?! This film is a complete drag. When I'm thirsty and go for a soda in the kitchen, I usually pause the vcr, so I won't miss anything. Not this time. I actually found myself looking long and hard in the fridge, just so I wouldn'",https://salt.tikicdn.com/cache/200x200/ts/product/5e/18/24/2a6154ba08df6ce6161c13f4303fa19e.jpg.webp,
9785468555461,"Trembling of a Leaf, The",205,"Maugham, William S",fiction,17,"This movie shows a clip of live animal mutilation of an animal getting hacked by a machete and getting its skin ripped off. I know these horrible things happen in the world, but Im watching movies based on the fact that what Im watching is not actually happening on the screen. These live animal clip",https://salt.tikicdn.com/cache/200x200/ts/product/65/74/fb/1e6ca7a2fa28d83667a8e50144e43d0d.jpg.webp,
9785468555462,Doctor on the Brain,204,"Gordon, Richard",fiction,58.1,"Anyone who thinks Kool Moe Dee, Carol Alt, and Corey Feldman comprise a list of good actors must be smoking something I'd love to try sometime. Where to begin: lousy soundtrack, hammy acting, ""action"" in places. This is the typical amateurishly written hack fodder that washed-up has-been and never-w",https://salt.tikicdn.com/cache/200x200/ts/product/7c/0d/6c/8fcbd6abc1ac716d07b3593f9b97f53b.jpg.webp,
9785468555463,Simpsons & Their Mathematical Secrets,233,"Singh, Simon",science,73.4,"This film could have been a decent re-make, and gosh knows it tried (or Ms. English tried). Assembling talented actors together with a successful & experienced writer/director should be a formula for a decent film. But Ms. English's experience - according to her IMDb bio - is exclusively limited to ",https://salt.tikicdn.com/cache/200x200/ts/product/c9/e4/18/a9cfc425fa590c453f20307229804bb3.jpg.webp,
9785468555464,Pattern Classification,241,"Duda, Hart",data_science,39.3,"I find it very intriguing that Lee Radziwill, Jackie Kennedy's sister and the cousin of these women, would encourage the Maysles' to make ""Big Edie"" and ""Little Edie"" the subject of a film. They certainly could be considered the ""skeletons"" in the family closet. The extra features on the DVD include",https://salt.tikicdn.com/cache/200x200/ts/product/74/11/ff/6304c47fec56e6f0b2110be65af0c7c2.jpg.webp,
9785468555465,From Beirut to Jerusalem,202,"Friedman, Thomas",history,94,C'mon guys some previous reviewers have nearly written a novel commenting on this episode. It's just an old 60's TV show ! This episode of Star Trek is notable because of the most serious babe (Yeoman Barrow's) ever used on Star Trek and the fact that it was filmed in a real outdoor location. Unlike,https://salt.tikicdn.com/cache/200x200/ts/product/0e/28/ef/0b987bac37e360fff8044b1447da52ea.png.webp,
9785468555466,"Code Book, The",197,"Singh, Simon",science,57.9,"I just watched this movie on it's premier night out of curiosity and sheer nostalgia. I liked (not loved) ""Mork & Mindy"" as a kid, mostly for Robin William's zany energetic performance. This movie made me remember why. Was the original show great? Not really, but Robin certainly was. Which brings me",https://salt.tikicdn.com/cache/200x200/ts/product/51/74/f3/831d5248c02718b7415e97edf5f99de6.jpg.webp,
9785468555467,"Age of the Warrior, The",197,"Fisk, Robert",history,36.1,"I caught this film on AZN on cable. It sounded like it would be a good film, a Japanese ""Green Card"". I can't say I've ever disliked an Asian film, quite the contrary. Some of the most incredible horror films of all time are Japanese and Korean, and I am a HUGE fan of John Woo's Hong Kong films. I a",https://salt.tikicdn.com/cache/200x200/ts/product/5f/97/52/a53eb98af3927cc5b5aeb08efa58d483.jpg.webp,
9785468555468,Final Crisis,257,Thao,comic,17.6,"Before I begin, let me get something off my chest: I'm a huge fan of John Eyres' first film PROJECT: SHADOWCHASER. The film, a B-grade cross of both THE TERMINATOR & DIE HARD, may not be the work of a cinematic genius, but is a hugely entertaining action film that became a cult hit (& spawned two se",https://salt.tikicdn.com/cache/200x200/ts/product/2f/b5/4e/a8208e9019c8510e8a8eebe06f50299c.jpg.webp,
9785468555469,"Killing Joke, The",283,Thao,comic,69.8,Ye Lou's film Purple Butterfly pits a secret organization (Purple Butterfly) against the Japanese forces in war torn Shanghai. Ding Hui (Zhang Ziyi) and her ex-lover Hidehiko Itami (Toru Nakamura) find themselves on opposite sides of the conflict after a chance meeting.  I agree with the r,https://salt.tikicdn.com/cache/200x200/ts/product/5e/18/24/2a6154ba08df6ce6161c13f4303fa19e.jpg.webp,
9785468555470,Flashpoint,265,Thao,comic,58.4,"After hearing about George Orwell's prophetic masterpiece for all of my life, I'm now 37, but never having read the book, I am totally confused as to what I've just seen.  I am very familiar with the concepts covered in the novel, as i'm sure most are, but only through hearsay and quotes. ",https://salt.tikicdn.com/cache/200x200/ts/product/65/74/fb/1e6ca7a2fa28d83667a8e50144e43d0d.jpg.webp,
9785468555471,Batman Earth One,265,Thao,comic,25.4,"This cute animated short features two comic icons - Betty Boop and Henry.  Henry is the bald, slightly portly boy from the comics who never speaks.  Well here he does speak!  He wants to get a puppy from Betty Boop's pet store, and when he is left to mind the store - so",https://salt.tikicdn.com/cache/200x200/ts/product/7c/0d/6c/8fcbd6abc1ac716d07b3593f9b97f53b.jpg.webp,
9785468555472,Crisis on Infinite Earths,258,Thao,comic,51.9,"I just got back from this free screening, and this ""Osama Witch Project"" is the hands-down worst film I've seen this year, worse than even ""Catwoman"" - which had the decency to at least pass itself off as fiction.  In ""September Tapes,"" a ""film crew"" of ""documentary journalists"" heads to A",https://salt.tikicdn.com/cache/200x200/ts/product/c9/e4/18/a9cfc425fa590c453f20307229804bb3.jpg.webp,
9785468555473,"Numbers Behind Numb3rs, The",202,"Devlin, Keith",science,68.6,"I remember seeing this film in the theater in 1984 when I was 6 years-old (you do the math). I absolutely loved it. I was Tarzan for the 2 weeks after seeing it (climbing the furniture, jumping around making monkey sounds). It started a fascination with Tarzan and monkeys, but oddly enough a longer ",https://salt.tikicdn.com/cache/200x200/ts/product/74/11/ff/6304c47fec56e6f0b2110be65af0c7c2.jpg.webp,
9785468555474,Superman Earth One - 1,259,Thao,comic,62.3,"A family is traveling through the mid West. There's widower Ben (Charles Bateman), his girlfriend Nicky (Ahna Capri) and Ben's little daughter K.T. (Geri Reischl). Then hit a town named Hillsboro where everyone acts more than a little strangely. Their car breaks down and they're forced to stay. They",https://salt.tikicdn.com/cache/200x200/ts/product/0e/28/ef/0b987bac37e360fff8044b1447da52ea.png.webp,
9785468555475,Superman Earth One - 2,258,Thao,comic,66.3,Francis Ford Coppola wrote and directed this stunningly personal story of a married woman's flight from her husband--and the reality that perhaps the youthful glee and excitement of her younger years are behind her. We learn little about this woman's marriage except that she has been feeling her ind,https://salt.tikicdn.com/cache/200x200/ts/product/51/74/f3/831d5248c02718b7415e97edf5f99de6.jpg.webp,
9785468555476,Justice League: Throne of Atlantis,258,Thao,comic,58.1,This movie was not very well directed. they almost totally disregarded the book.I guess they were trying 2 save time. the only upside 2 me was that the actor who played finny was cute. Some of the dialog between the main characters appeared a little gay which was not the case in the book. Major part,https://salt.tikicdn.com/cache/200x200/ts/product/5f/97/52/a53eb98af3927cc5b5aeb08efa58d483.jpg.webp,
9785468555477,Justice League: The Villain's Journey,258,Thao,comic,89.3,"The buzz for this film has always been about the fabulous graphics that make Kevin Bacon disappear. Sadly, they stopped there. They should have continued to make the script disappear, then the silly set, and finally every visible element of this film. Because, there's nothing else there to show.<br ",https://salt.tikicdn.com/cache/200x200/ts/product/2f/b5/4e/a8208e9019c8510e8a8eebe06f50299c.jpg.webp,
9785468555478,"Death of Superman, The",258,Thao,comic,48.5,"A young girl becomes a war-time marine's pen-pal, and when he visits at war's end expecting someone a bit more ""available,"" comic complications ensue. All ultimately works out well, naturally, but not before everyone involved has thoroughly chewed the scenery. Errol Flynn's dead-on impression of Hum",https://salt.tikicdn.com/cache/200x200/ts/product/5e/18/24/2a6154ba08df6ce6161c13f4303fa19e.jpg.webp,
9785468555479,History of the DC Universe,258,Thao,comic,23,"This movie is a perfect adaptation of the English Flick Unfaithful. Ashmit plays the role of Richard Gere, Emran that of Olivier and Malikka the perfect cheating wife role of Lane.They have changed the second half of the film to adapt for the Indian masses.   Even then the movie has got th",https://salt.tikicdn.com/cache/200x200/ts/product/65/74/fb/1e6ca7a2fa28d83667a8e50144e43d0d.jpg.webp,
9785468555480,Batman: The Long Halloween,258,Thao,comic,49.7,"Robert Altman's downbeat, new-fangled western from Edmund Naughton's book ""McCabe"" was overlooked at the time of its release but in the past years has garnered a sterling critical following. Aside from a completely convincing boom-town scenario, the characters here don't merit much interest, and the",https://salt.tikicdn.com/cache/200x200/ts/product/7c/0d/6c/8fcbd6abc1ac716d07b3593f9b97f53b.jpg.webp,
9785468555481,"Life in Letters, A",196,"Steinbeck, John",nonfiction,39,"What seemed at first just another introverted French flick offering no more than baleful sentiment became for me, on second viewing, a genuinely insightful and quite satisfying presentation.  Spoiler of sorts follows.  Poor Cedric; he apparently didn't know what hit him. Poor aud",https://salt.tikicdn.com/cache/200x200/ts/product/c9/e4/18/a9cfc425fa590c453f20307229804bb3.jpg.webp,
9785468555482,"Information, The",233,"Gleick, James",science,93.1,"I don't think I've ever gave something a 1/10 rating, but this one easily gets the denomination. I find it hard just to sit through one of his jokes. It's not just that the jokes are so bad, but combine that with the fact that Carson Daily has zero charisma, can't set up or finish a punchline, and y",https://salt.tikicdn.com/cache/200x200/ts/product/74/11/ff/6304c47fec56e6f0b2110be65af0c7c2.jpg.webp,
9785468555483,"Journal of Economics, vol 106 No 3",235,Thao,economics,47.3,"In the standard view, this is a purely awful movie. However, it rates a near perfect score on the unintentional comedy scale. I can think of few actual comedies that make me laugh as hard as I did watching this movie. Andy Griffith's ghost dressed in Native American garb dancing sends me into hyster",https://salt.tikicdn.com/cache/200x200/ts/product/0e/28/ef/0b987bac37e360fff8044b1447da52ea.png.webp,
9785468555484,Elements of Information Theory,229,"Thomas, Joy",data_science,14.1,"From the film's first shot - Keira Knightley as Elizabeth Bennet wandering reading through a field at dawn, thus invoking all the clichés cinema has developed to address the phenomenon of the strong-minded rebellious female character in period drama - I knew I was in for something to make me want t",https://salt.tikicdn.com/cache/200x200/ts/product/51/74/f3/831d5248c02718b7415e97edf5f99de6.jpg.webp,
9785468555485,Power Electronics - Rashid,235,"Rashid, Muhammad",computer_science,21.1,"I've always enjoyed films that depict life as it is. Life sometimes has boring patches, no real plot, and not necessarily a happy ending. ""A River Runs Through It"" is the perfect name for this film (and Norman Maclean's novel). Life ebbs and flows like a river, and it has it's rough spots, but it is",https://salt.tikicdn.com/cache/200x200/ts/product/5f/97/52/a53eb98af3927cc5b5aeb08efa58d483.jpg.webp,
9785468555486,Power Electronics - Mohan,237,"Mohan, Ned",computer_science,99.6,"The story is very trustworthy and powerful. The technical side of the movie is quite fine.. even the directing of it. The main problem is with the castings, that turned that movie into almost another local and regular cliché with a great lack of impact and even greater lack of impression. Beside th",https://salt.tikicdn.com/cache/200x200/ts/product/2f/b5/4e/a8208e9019c8510e8a8eebe06f50299c.jpg.webp,
9785468555487,Neural Networks,240,"Haykin, Simon",data_science,38.1,"This movie was not so much promoted here in Greece,even though it got good actors , great script and rather good photograph was not a so called ""blockbuster"" movie in my Country. The movie itself is very powerful,it's about the hard time that a newcomer had to go through when he returns in his home-",https://salt.tikicdn.com/cache/200x200/ts/product/5e/18/24/2a6154ba08df6ce6161c13f4303fa19e.jpg.webp,
9785468555488,"Grapes of Wrath, The",196,"Steinbeck, John",fiction,92.7,"MYSTERY MEN has got to be THE stupidest film I've ever seen, but what a film! I thought it was fabulous, excellent and impressive. It was funny, well-done and nice to see ridiculous Super Heroes for a change! And being able to pull it off! This was great! I'll definitely watch it again!",https://salt.tikicdn.com/cache/200x200/ts/product/65/74/fb/1e6ca7a2fa28d83667a8e50144e43d0d.jpg.webp,
9785468555489,Vyakti ani Valli,211,"Deshpande, P L",nonfiction,98.8,"You know that mouthwash commercial where the guy has a mouth full of Listerine or whatever it is and he's trying really hard to keep from spitting it up into the sink? That's a great metaphor for this movie. I kept watching, even though it was really difficult. But keeping mouthwash in your mouth wi",https://salt.tikicdn.com/cache/200x200/ts/product/7c/0d/6c/8fcbd6abc1ac716d07b3593f9b97f53b.jpg.webp,
9785468555490,Statistical Learning Theory,228,"Vapnik, Vladimir",data_science,89.9,"I can't believe it that was the worst movie i have ever seen in my life. i laughed a couple of times. ( probably because of how stupid it was ) If someone paid me to see that movie again i wouldn't. the plot was so horrible , it made no sense , and the acting was so bad that i couldn't even tell if ",https://salt.tikicdn.com/cache/200x200/ts/product/c9/e4/18/a9cfc425fa590c453f20307229804bb3.jpg.webp,
9785468555491,Empire of the Mughal - The Tainted Throne,180,"Rutherford, Alex",history,95.2,"This is one of a rarity of movies, where instead of a bowl of popcorn one should watch it with a bottle of vodka. To be completely honest we are a group of people who actually know the man, Mo Ogrodnik, and decided to drink ourselves stupid to this film.  The cinematic aspect of Wolfgang S",https://salt.tikicdn.com/cache/200x200/ts/product/74/11/ff/6304c47fec56e6f0b2110be65af0c7c2.jpg.webp,
9785468555492,Empire of the Mughal - Brothers at War,180,"Rutherford, Alex",history,85.6,"Even though I'm quite young, The Beatles are my ABSOLUTELY FAVOURITE band! I never had the chance to hear their music as it was releases but have loved them since I can remember.  It's the sort of film that is worth trying the once. I can see why it wasn't released in the cinema but it is ",https://salt.tikicdn.com/cache/200x200/ts/product/0e/28/ef/0b987bac37e360fff8044b1447da52ea.png.webp,
9785468555493,Empire of the Mughal - Ruler of the World,180,"Rutherford, Alex",history,21.4,"An American Werewolf in London had some funny parts, but this one isn't so good. The computer werewolves are just awful: the perspective is all off, it's like seeing them through a distorting mirror. The writers step on the throat of many of their gags. American boy says to Parisian girl, ""Is there ",https://salt.tikicdn.com/cache/200x200/ts/product/51/74/f3/831d5248c02718b7415e97edf5f99de6.jpg.webp,
9785468555494,Empire of the Mughal - The Serpent's Tooth,180,"Rutherford, Alex",history,69.4,"Originally I was a Tenacious D fan of their first album and naturally listened to a few tracks off The P.O.D. and was rather disappointed. After watching the movie, my view was changed. The movie is pretty funny from beginning to the end and found my self engaged in it even though it was really was ",https://salt.tikicdn.com/cache/200x200/ts/product/5f/97/52/a53eb98af3927cc5b5aeb08efa58d483.jpg.webp,
9785468555495,Empire of the Mughal - Raiders from the North,180,"Rutherford, Alex",history,42.4,"This is just one more of those hideous films that you find on Lifetime TV which portray the abhorrent behavior of some disgusting woman in an empathetic manner. Along with other such nasty films as ""The Burning Bed,"" ""Enough,"" or ""Monster,"" this film takes a disgusting criminal and attempts to show ",https://salt.tikicdn.com/cache/200x200/ts/product/2f/b5/4e/a8208e9019c8510e8a8eebe06f50299c.jpg.webp,
9785468555496,Mossad,236,"Baz-Zohar, Michael",history,58.7,"The premise of this movie was decent enough, but with sub par acting, it was just bland and dull.  SPOILERS The film does not work because of the nature of the death, it was accidental, so although it was a murder it wasn't like the guy set out to do it. Also through some flashbacks there ",https://salt.tikicdn.com/cache/200x200/ts/product/5e/18/24/2a6154ba08df6ce6161c13f4303fa19e.jpg.webp,
9785468555497,Jim Corbett Omnibus,223,"Corbett, Jim",nonfiction,93.2,"The Lives of the Saints starts off with an atmospheric vision of London as a bustling city of busy, quaint streets and sunshine. I was hoping it would maintain this atmosphere, but it gets bogged down in a story that goes pretty much nowhere.  Othello works for big, fat Mr. Karva, his crim",https://salt.tikicdn.com/cache/200x200/ts/product/65/74/fb/1e6ca7a2fa28d83667a8e50144e43d0d.jpg.webp,
9785468555498,20000 Leagues Under the Sea,190,"Verne, Jules",fiction,78.5,"I can't emphasize it enough, do *NOT* get this movie for the kids.  For that matter, you'd best spare the adults from it as well.  All right, perhaps I'm overexaggerating a little. This isn't the worst kids' movie... no, let me rephrase that. This isn't the worst movie made by di",https://salt.tikicdn.com/cache/200x200/ts/product/7c/0d/6c/8fcbd6abc1ac716d07b3593f9b97f53b.jpg.webp,
9785468555499,Batatyachi Chal,200,Deshpande P L,fiction,34.4,"Is nothing else on TV? Are you really bored? Well, then watch Phat Beach. However, don't rent it and definitely DO NOT buy it. That would be a big mistake.  I watched this on TV and found myself laughing at certain points. I did not laugh long and I did not laugh hard. However, there were ",https://salt.tikicdn.com/cache/200x200/ts/product/c9/e4/18/a9cfc425fa590c453f20307229804bb3.jpg.webp,
9785468555500,Hafasavnuk,211,Deshpande P L,fiction,70.8,The Elegant Documentary -  Don't watch this movie ... if you're an egotistical know-all student of physics. This much less than one percent (miniscule fraction) of the population may find that this show just tells them what they have already learned and already know.  Do watch th,https://salt.tikicdn.com/cache/200x200/ts/product/74/11/ff/6304c47fec56e6f0b2110be65af0c7c2.jpg.webp,
9785468555501,Urlasurla,211,Deshpande P L,fiction,92.9,"In 1993, with the success of the first season of Batman: The Animated Series, Warner Brothers commissioned the team responsible for the hit-show with producing a feature-length movie, originally slated for Direct-To-Video, but bumped up to theatrical status. It would become known as Batman: Mask of ",https://salt.tikicdn.com/cache/200x200/ts/product/0e/28/ef/0b987bac37e360fff8044b1447da52ea.png.webp,
9785468555502,Pointers in C,213,"Kanetkar, Yashwant",computer_science,63.8,I think this movie was supposed to be shocking. But the only way in which it is indeed shocking is how shocking badly it's been made ...and simply is. It's one-and-a-half hour of torment. Even more so for the viewer than for the characters in the movie (the five girls).  Sure the main char,https://salt.tikicdn.com/cache/200x200/ts/product/51/74/f3/831d5248c02718b7415e97edf5f99de6.jpg.webp,
9785468555503,"Cathedral and the Bazaar, The",217,"Raymond, Eric",computer_science,56,"Why can't a movie be rated a zero? Or even a negative number? Some movies such as ""Plan Nine From Outer Space"" are so bad they're fun to watch. THIS IS NOT ONE. ""The Dungeon of Horror"" might be the worst movie I've ever seen (some of anyway. I HAD to fast forward through a lot of it!). Fortunately f",https://salt.tikicdn.com/cache/200x200/ts/product/5f/97/52/a53eb98af3927cc5b5aeb08efa58d483.jpg.webp,
9785468555504,Design with OpAmps,240,"Franco, Sergio",computer_science,32.8,"This movie took me by surprise. The opening credit sequence features nicely done animation. After that, we're plunged into a semi-cheesy production, betraying its low budget. The characters, typical American teens, are introduced slowly, with more personal detail than is usually found in movies like",https://salt.tikicdn.com/cache/200x200/ts/product/2f/b5/4e/a8208e9019c8510e8a8eebe06f50299c.jpg.webp,
9785468555505,Think Complexity,230,"Downey, Allen",data_science,12.5,"Though I'd heard that ""Cama de Gato"" was the worst Brazilian movie of the decade, I watched it giving it a chance; after all, first-time director/producer/writer Alexandre Stockler managed to make his debut feature (shot in video) for just US$ 4,000 and -- though it looks even cheaper -- I can't beg",https://salt.tikicdn.com/cache/200x200/ts/product/5e/18/24/2a6154ba08df6ce6161c13f4303fa19e.jpg.webp,
9785468555506,"Devil's Advocate, The",178,"West, Morris",fiction,12.5,"An unforgettable masterpiece from the creator of The Secret of Nimh and The Land Before Time, this was a very touching bittersweet cartoon. I remember this very well from my childhood, it was funny and sad and very beautiful. Well it starts out a bit dark, a dog who escaped the pound, and gets kille",https://salt.tikicdn.com/cache/200x200/ts/product/65/74/fb/1e6ca7a2fa28d83667a8e50144e43d0d.jpg.webp,
9785468555507,Ayn Rand Answers,203,"Rand, Ayn",philosophy,37.3,"This movie was a failure as a comedy and a film in general. It was a very slow paced movie that seemed to be trying to convey a message, but the message was a cliché, hopeless mess to begin with. This movie falls on shameless environmental point, even making a self-righteous point of destroying an ",https://salt.tikicdn.com/cache/200x200/ts/product/7c/0d/6c/8fcbd6abc1ac716d07b3593f9b97f53b.jpg.webp,
9785468555508,Philosophy: Who Needs It,171,"Rand, Ayn",philosophy,14.2,"It is so gratifying to see one great piece of art converted into another without distortion or contrivance. I had no guess as to how such an extraordinary piece of literature could be recreated as a film worth seeing. If you loved Bulgakov's book you would be, understandably, afraid of seeing some m",https://salt.tikicdn.com/cache/200x200/ts/product/c9/e4/18/a9cfc425fa590c453f20307229804bb3.jpg.webp,
9785468555509,"World's Great Thinkers, The",189,Thao,philosophy,40.2,"This movie is very violent, yet exciting with original dialog and cool characters. It has one of the most moving stories and is very true to life. The movie start off with action star Leo Fong as a down and out cop who is approaching the end of his career, when he stumbles on to a big case that invo",https://salt.tikicdn.com/cache/200x200/ts/product/74/11/ff/6304c47fec56e6f0b2110be65af0c7c2.jpg.webp,
9785468555510,Data Analysis with Open Source Tools,230,"Janert, Phillip",data_science,18.6,"The day has finally come for me to witness the perpetuation of Azumi's fate as an assassin, fruition of her character and the ultimate attempt to draw me deeper into the world she rampaged through so mercilessly during the first saga.  That's as poetical as I'll get when talking about Azum",https://salt.tikicdn.com/cache/200x200/ts/product/0e/28/ef/0b987bac37e360fff8044b1447da52ea.png.webp,
9785468555511,Broca's Brain,174,"Sagan, Carl",science,88.5,This has to be the worst piece of garbage I've seen in a while.  Heath Ledger is a heartthrob? He looked deformed. I wish I'd known that he and Naomi Watts are an item in real life because I spent 2 of the longest hours of my life wondering what she saw in him.   Orlando Bloom is,https://salt.tikicdn.com/cache/200x200/ts/product/51/74/f3/831d5248c02718b7415e97edf5f99de6.jpg.webp,
9785468555512,Men of Mathematics,217,"Bell, E T",mathematics,83,"A very ordinary made-for-tv product, ""Tyson"" attempts to be a serious biopic while stretching the moments of angst for effect, fast forwarding through the esoterics of the corrupt sport of boxing, and muddling the sensationalistic stuff which is the only thing which makes Tyson even remotely interes",https://salt.tikicdn.com/cache/200x200/ts/product/5f/97/52/a53eb98af3927cc5b5aeb08efa58d483.jpg.webp,
9785468555513,Oxford book of Modern Science Writing,240,"Dawkins, Richard",science,94.1,"I'm sure deep in the recesses of Jack Blacks mind the character of Nacho Libre is absolutely hilarious but no it isn't. You can tell ol Jacks having a whale of a time hammin it up playing a smarmy, slimy Mexican friar with dreams of becoming a wrestler but this movie is a total misfire in just about",https://salt.tikicdn.com/cache/200x200/ts/product/2f/b5/4e/a8208e9019c8510e8a8eebe06f50299c.jpg.webp,
9785468555514,"Justice, Judiciary and Democracy",224,"Ranjan, Sudhanshu",philosophy,29.8,"I haven't read the Anne Rice novel that this movie was based on, but who knows, maybe reading the book is cheaper than renting QUEEN OF THE DAMNED and is probably better for your health. It isn't that this movie is necessarily bad for your health, but a book can be very relaxing and certainly exerci",https://salt.tikicdn.com/cache/200x200/ts/product/5e/18/24/2a6154ba08df6ce6161c13f4303fa19e.jpg.webp,
9785468555515,"Arthashastra, The",214,Kautiyla,philosophy,34,"While I count myself as a fan of the Babylon 5 television series, the original movie that introduced the series was a weak start. Although many of the elements that would later mature and become much more compelling in the series are there, the pace of The Gathering is slow, the makeup somewhat inad",https://salt.tikicdn.com/cache/200x200/ts/product/65/74/fb/1e6ca7a2fa28d83667a8e50144e43d0d.jpg.webp,
9785468555516,We the People,216,Palkhivala,philosophy,51.8,"Leonard Maltin gave this film a dreaded BOMB rating in his 1995 Movie and Video Guide. What film was he looking at? Kid Vengeance or God's Gun are bombs. This film is a delight. It is fantastic. It is literate. It is well mounted. It is beautiful photographed, making a brilliant use of colors. Right",https://salt.tikicdn.com/cache/200x200/ts/product/7c/0d/6c/8fcbd6abc1ac716d07b3593f9b97f53b.jpg.webp,
9785468555517,We the Nation,216,Palkhivala,philosophy,52.2,I don't believe there has ever been a more evil or wicked television program to air in the United States as The 700 Club. They are today's equivalent to the Ku Klux Klan of the 20th century. Their hatred of all that is good and sweet and human and pure is beyond all ability to understand. Their dail,https://salt.tikicdn.com/cache/200x200/ts/product/c9/e4/18/a9cfc425fa590c453f20307229804bb3.jpg.webp,
9785468555518,"Courtroom Genius, The",217,Sorabjee,nonfiction,38.3,"If you wish to see Shakespeare's masterpiece in its entirety, I suggest you find this BBC version. Indeed it is overlong at four and a half hours but Jacoby's performance as Hamlet and Patrick Stewart's as Claudius are well worth the effort.  It never ceases to amaze me how clear ""Hamlet"" ",https://salt.tikicdn.com/cache/200x200/ts/product/74/11/ff/6304c47fec56e6f0b2110be65af0c7c2.jpg.webp,
9785468555519,Dongri to Dubai,216,"Zaidi, Hussain",nonfiction,27,"The Golden Door is the story of a Sicilian family's journey from the Old World (Italy) to the New World (America). Salvatore, a middle-aged man who hopes for a more fruitful life, persuades his family to leave their homeland behind in Sicily, take the arduous journey across the raging seas, and inha",https://salt.tikicdn.com/cache/200x200/ts/product/0e/28/ef/0b987bac37e360fff8044b1447da52ea.png.webp,
9785468555520,"History of England, Foundation",197,"Ackroyd, Peter",history,31.4,"Nifty little episode played mainly for laughs, but with clever dollop of suspense. Somehow a Martian has snuck aboard a broken-down bus on its way to nowhere, but which passenger is it, (talk about your illegal immigrants!). All-star supporting cast, from wild-eyed Jack Elam (hamming it up shameless",https://salt.tikicdn.com/cache/200x200/ts/product/51/74/f3/831d5248c02718b7415e97edf5f99de6.jpg.webp,
9785468555521,City of Djinns,198,"Dalrymple, William",history,72.5,"I had before a feeling of mislike for all Russian films. But, after seeing this film I haven´t. This is a unique masterpiece made by the best director ever lived in the USSR. He knows the art of film making, and can use it very well. If you find this movie: buy or copy it!",https://salt.tikicdn.com/cache/200x200/ts/product/5f/97/52/a53eb98af3927cc5b5aeb08efa58d483.jpg.webp,
9785468555522,India's Legal System,177,Nariman,nonfiction,20.7,I watched mask in the 80's and it's currently showing on Fox Kids in the UK (very late at night). I remember thinking that it was kinda cool back in the day and had a couple of the toys too but watching it now bores me to tears. I never realised before of how tedious and bland this cartoon show real,https://salt.tikicdn.com/cache/200x200/ts/product/2f/b5/4e/a8208e9019c8510e8a8eebe06f50299c.jpg.webp,
9785468555523,More Tears to Cry,235,"Sassoon, Jean",fiction,76.3,"Phantasm ....Class. Phantasm II.....awesome. Phantasm III.....erm.....terrible.  Even though i would love to stick up for this film, i quite simply can't. The movie seems to have ""sold out"". First bad signs come when the video has trailers for other films at the start (something the others",https://salt.tikicdn.com/cache/200x200/ts/product/5e/18/24/2a6154ba08df6ce6161c13f4303fa19e.jpg.webp,
9785468555524,"Ropemaker, The",196,"Dickinson, Peter",fiction,78.2,"Ludicrous. Angelic 9-year-old Annakin turns into whiny brat 19-year-old Annakin, who somehow seems appealing to Amidala, 5 years his senior. Now 22-year-old Jedi warrior hero Annakin has a couple of bad dreams, and so takes to slaughtering children, his friends, and the entire framework of his exist",https://salt.tikicdn.com/cache/200x200/ts/product/65/74/fb/1e6ca7a2fa28d83667a8e50144e43d0d.jpg.webp,
9785468555525,Angels & Demons,170,"Brown, Dan",fiction,69.1,"Scotty (Grant Cramer, who would go on to star in the great B-movie ""Killer Klowns from outer space"") agrees to help three middle-aged guys learn how to 'dialog' the ladies in this bad '80's comedy. Not bad as in '80's lingo, which meant good. Bad as in bad. With no likable characters, including, but",https://salt.tikicdn.com/cache/200x200/ts/product/7c/0d/6c/8fcbd6abc1ac716d07b3593f9b97f53b.jpg.webp,
9785468555526,"Judge, The",170,Thao,fiction,63.5,"If you keep rigid historical perspective out of it, this film is actually quite entertaining. It's got action, adventure and romance, and one of the premiere casting match-ups of the era with Errol Flynn and Olivia de Havilland in the lead roles. As evident on this board, the picture doesn't pass mu",https://salt.tikicdn.com/cache/200x200/ts/product/c9/e4/18/a9cfc425fa590c453f20307229804bb3.jpg.webp,
9785468555527,"Attorney, The",170,Thao,fiction,40.3,"The film quickly gets to a major chase scene with ever increasing destruction. The first really bad thing is the guy hijacking Steven Seagal would have been beaten to pulp by Seagal's driving, but that probably would have ended the whole premise for the movie.  It seems like they decided t",https://salt.tikicdn.com/cache/200x200/ts/product/74/11/ff/6304c47fec56e6f0b2110be65af0c7c2.jpg.webp,
9785468555528,"Prince, The",173,Machiavelli,philosophy,31,Interesting and short television movie describes some of the machinations surrounding Jay Leno's replacing Carson as host of the Tonight Show. Film is currently very topical given the public drama surrounding Conan O'Brien and Jay Leno.  The film does a good job of sparking viewers' intere,https://salt.tikicdn.com/cache/200x200/ts/product/0e/28/ef/0b987bac37e360fff8044b1447da52ea.png.webp,
